{
  "name": "Grain MCP Client Connector v1",
  "nodes": [
    {
      "parameters": {
        "values": {
          "string": [
            {
              "name": "tenant_id",
              "value": "={{ $vars.GRAIN_TENANT_ID || 'default' }}"
            },
            {
              "name": "dry_run",
              "value": "={{ $vars.GRAIN_DRY_RUN || false }}"
            },
            {
              "name": "webhook_prefix",
              "value": "={{ $vars.GRAIN_WEBHOOK_PREFIX || '/webhook' }}/{{ $workflow.name.toLowerCase().replace(/[^a-z0-9]/g, '-') }}"
            }
          ]
        },
        "options": {}
      },
      "id": "grain-config-rikpkg5zx",
      "name": "GRAIN_CONFIG",
      "type": "n8n-nodes-base.set",
      "typeVersion": 2,
      "position": [
        -200,
        -200
      ],
      "notesInFlow": true,
      "notes": "🔧 Central Config"
    },
    {
      "parameters": {
        "content": "## 🔌 MCP Client Connector\nConnects to Anthropic Model Context Protocol servers for advanced AI agent capabilities.",
        "height": 100,
        "width": 350,
        "color": 4
      },
      "id": "note-overview",
      "name": "Note: Overview",
      "type": "n8n-nodes-base.stickyNote",
      "typeVersion": 1,
      "position": [
        180,
        200
      ]
    },
    {
      "parameters": {
        "httpMethod": "POST",
        "path": "mcp-request",
        "options": {}
      },
      "id": "webhook-mcp",
      "name": "MCP Request",
      "type": "n8n-nodes-base.webhook",
      "typeVersion": 2,
      "position": [
        250,
        400
      ],
      "webhookId": "mcp-connector"
    },
    {
      "parameters": {
        "method": "POST",
        "url": "={{ $env.MCP_SERVER_URL }}/jsonrpc",
        "sendHeaders": true,
        "headerParameters": {
          "parameters": [
            {
              "name": "Content-Type",
              "value": "application/json"
            },
            {
              "name": "Authorization",
              "value": "Bearer {{ $env.MCP_API_KEY }}"
            }
          ]
        },
        "sendBody": true,
        "specifyBody": "json",
        "jsonBody": "={\n  \"jsonrpc\": \"2.0\",\n  \"id\": \"{{ $json.request_id || Date.now() }}\",\n  \"method\": \"{{ $json.method }}\",\n  \"params\": {{ JSON.stringify($json.params || {}) }}\n}"
      },
      "id": "mcp-call",
      "name": "Call MCP Server",
      "type": "n8n-nodes-base.httpRequest",
      "typeVersion": 4.2,
      "position": [
        500,
        400
      ]
    },
    {
      "parameters": {
        "jsCode": "const response = $input.item.json;\n\nif (response.error) {\n  throw new Error(`MCP Error: ${response.error.message}`);\n}\n\nreturn {\n  json: {\n    success: true,\n    result: response.result,\n    method_called: $('MCP Request').first().json.method,\n    timestamp: new Date().toISOString()\n  }\n};"
      },
      "id": "parse-response",
      "name": "Parse Response",
      "type": "n8n-nodes-base.code",
      "typeVersion": 2,
      "position": [
        750,
        400
      ]
    },
    {
      "parameters": {
        "respondWith": "json",
        "responseBody": "={{ $json }}",
        "options": {}
      },
      "id": "respond",
      "name": "Respond",
      "type": "n8n-nodes-base.respondToWebhook",
      "typeVersion": 1,
      "position": [
        1000,
        400
      ]
    },
    {
      "parameters": {
        "rule": {
          "interval": [
            {
              "field": "minutes",
              "minutesInterval": 5
            }
          ]
        }
      },
      "id": "health-check",
      "name": "Health Check",
      "type": "n8n-nodes-base.scheduleTrigger",
      "typeVersion": 1.1,
      "position": [
        250,
        600
      ]
    },
    {
      "parameters": {
        "method": "POST",
        "url": "={{ $env.MCP_SERVER_URL }}/jsonrpc",
        "sendHeaders": true,
        "headerParameters": {
          "parameters": [
            {
              "name": "Content-Type",
              "value": "application/json"
            }
          ]
        },
        "sendBody": true,
        "specifyBody": "json",
        "jsonBody": "{ \"jsonrpc\": \"2.0\", \"id\": \"health\", \"method\": \"system/health\" }"
      },
      "id": "ping-server",
      "name": "Ping MCP Server",
      "type": "n8n-nodes-base.httpRequest",
      "typeVersion": 4.2,
      "position": [
        500,
        600
      ]
    },
    {
      "parameters": {},
      "id": "error-trigger",
      "name": "Error Trigger",
      "type": "n8n-nodes-base.errorTrigger",
      "typeVersion": 1,
      "position": [
        500,
        800
      ]
    },
    {
      "parameters": {
        "channel": "#mcp-alerts",
        "text": "=🚨 MCP Connector Error\n\nNode: {{ $json.execution.lastNodeExecuted }}\nError: {{ $json.execution.error.message }}",
        "otherOptions": {}
      },
      "id": "error-notify",
      "name": "Error Alert",
      "type": "n8n-nodes-base.slack",
      "typeVersion": 2.1,
      "position": [
        750,
        800
      ]
    }
  ],
  "connections": {
    "MCP Request": {
      "main": [
        [
          {
            "node": "Call MCP Server",
            "type": "main",
            "index": 0
          }
        ]
      ]
    },
    "Call MCP Server": {
      "main": [
        [
          {
            "node": "Parse Response",
            "type": "main",
            "index": 0
          }
        ]
      ]
    },
    "Parse Response": {
      "main": [
        [
          {
            "node": "Respond",
            "type": "main",
            "index": 0
          }
        ]
      ]
    },
    "Health Check": {
      "main": [
        [
          {
            "node": "Ping MCP Server",
            "type": "main",
            "index": 0
          }
        ]
      ]
    },
    "Error Trigger": {
      "main": [
        [
          {
            "node": "Error Alert",
            "type": "main",
            "index": 0
          }
        ]
      ]
    }
  }
}