{
  "count": 72,
  "lastUpdated": "2026-01-07",
  "categories": {
    "hospitality": [
      "Grain_Dynamic_Pricing_Engine_v1.json",
      "Grain_Booking_Channel_Sync_v1.json",
      "Grain_Housekeeping_Operations_v1.json",
      "Grain_Guest_Communication_Journey_v1.json",
      "Grain_Review_Management_AI_v1.json"
    ],
    "agency": [
      "Grain_Campaign_Performance_Monitor_v1.json",
      "Grain_Client_Onboarding_Automation_v1.json",
      "Grain_Client_Reporting_Dashboard_v1.json"
    ],
    "marketing": [
      "Grain_Email_Marketing_Automation_v1.json",
      "Grain_Omnichannel_Marketing_Hub_v1.json",
      "Grain_Influencer_Marketing_Hub_v1.json",
      "Grain_SEO_Content_Pipeline_v1.json",
      "Grain_Multi_Platform_Publisher_v1.json",
      "Grain_Multi_Platform_Publisher_v2.json"
    ],
    "ai_content": [
      "Grain_Multi_Agent_Content_System_v1.json",
      "Grain_AI_Copywriting_Studio_v1.json",
      "Grain_AI_Visual_Content_Generator_v1.json",
      "Grain_Agentic_AI_Orchestrator_v1.json",
      "Grain_Prompt_Engineering_Studio_v1.json"
    ],
    "analytics": [
      "Grain_Unified_Analytics_Dashboard_v1.json",
      "Grain_AB_Testing_Engine_v1.json",
      "Grain_Video_Performance_Tracker_v1.json",
      "Grain_Content_Performance_Analyzer_v1.json"
    ],
    "customer_success": [
      "Grain_Churn_Prediction_Prevention_v1.json",
      "Grain_Customer_Support_Automation_v1.json",
      "Grain_Personalization_Engine_v1.json"
    ],
    "growth": [
      "Grain_Referral_Program_Automation_v1.json",
      "Grain_Webinar_Event_Automation_v1.json",
      "Grain_Lead_Conversion_Funnel_v1.json",
      "Grain_Landing_Page_CRO_Hub_v1.json"
    ],
    "operations": [
      "Grain_RevOps_Hub_v1.json",
      "Grain_Invoice_Billing_Automation_v1.json",
      "Grain_Intelligent_CDP_v1.json"
    ],
    "intelligence": [
      "Grain_Competitive_Intelligence_v1.json",
      "Grain_Social_Listening_Sentiment_v1.json"
    ],
    "seo": [
      "Grain_SEO_Site_Audit_v1.json",
      "Grain_Keyword_Research_Pipeline_v1.json",
      "Grain_Rank_Tracking_v1.json",
      "Grain_Backlink_Monitor_v1.json",
      "Grain_Local_Citation_Builder_v1.json"
    ],
    "local_seo": [
      "Grain_Local_SEO_Automation_Hub_v1.json",
      "Grain_Local_Citation_Builder_v1.json"
    ],
    "restaurant": [
      "Grain_Restaurant_Marketing_Hub_v1.json",
      "Grain_Restaurant_Loyalty_Program_v1.json",
      "Grain_Guest_Feedback_Review_v1.json"
    ]
  },
  "files": [
    {
      "filename": "Grain_Dynamic_Pricing_Engine_v1.json",
      "raw_url": "https://raw.githubusercontent.com/No3214/saas/main/n8n-templates/Grain_Dynamic_Pricing_Engine_v1.json",
      "category": "hospitality",
      "description": "AI-driven real-time pricing based on demand signals, competitor rates, events, and seasonality",
      "roi": "15-20% RevPAR increase"
    },
    {
      "filename": "Grain_Booking_Channel_Sync_v1.json",
      "raw_url": "https://raw.githubusercontent.com/No3214/saas/main/n8n-templates/Grain_Booking_Channel_Sync_v1.json",
      "category": "hospitality",
      "description": "Real-time synchronization across OTAs (Booking.com, Expedia, Airbnb, VRBO)",
      "roi": "40% ADR increase, zero overbookings"
    },
    {
      "filename": "Grain_Housekeeping_Operations_v1.json",
      "raw_url": "https://raw.githubusercontent.com/No3214/saas/main/n8n-templates/Grain_Housekeeping_Operations_v1.json",
      "category": "hospitality",
      "description": "AI-optimized room assignment and real-time status updates",
      "roi": "30% faster turnover"
    },
    {
      "filename": "Grain_Guest_Communication_Journey_v1.json",
      "raw_url": "https://raw.githubusercontent.com/No3214/saas/main/n8n-templates/Grain_Guest_Communication_Journey_v1.json",
      "category": "hospitality",
      "description": "Automated guest lifecycle messaging with AI-driven upselling",
      "roi": "166x ROI potential"
    },
    {
      "filename": "Grain_Review_Management_AI_v1.json",
      "raw_url": "https://raw.githubusercontent.com/No3214/saas/main/n8n-templates/Grain_Review_Management_AI_v1.json",
      "category": "hospitality",
      "description": "Multi-platform review aggregation with AI response generation",
      "roi": "5-9% revenue per star rating increase"
    },
    {
      "filename": "Grain_Campaign_Performance_Monitor_v1.json",
      "raw_url": "https://raw.githubusercontent.com/No3214/saas/main/n8n-templates/Grain_Campaign_Performance_Monitor_v1.json",
      "category": "agency",
      "description": "Real-time monitoring of Google Ads, Meta Ads, LinkedIn with AI analysis",
      "roi": "20% ROAS improvement"
    },
    {
      "filename": "Grain_Client_Onboarding_Automation_v1.json",
      "raw_url": "https://raw.githubusercontent.com/No3214/saas/main/n8n-templates/Grain_Client_Onboarding_Automation_v1.json",
      "category": "agency",
      "description": "Automated client setup with service-specific task generation",
      "roi": "80% faster onboarding"
    },
    {
      "filename": "Grain_Client_Reporting_Dashboard_v1.json",
      "raw_url": "https://raw.githubusercontent.com/No3214/saas/main/n8n-templates/Grain_Client_Reporting_Dashboard_v1.json",
      "category": "agency",
      "description": "White-label PDF reports with AI insights generation",
      "roi": "5+ hours saved per client monthly"
    },
    {
      "filename": "Grain_Multi_Agent_Content_System_v1.json",
      "raw_url": "https://raw.githubusercontent.com/No3214/saas/main/n8n-templates/Grain_Multi_Agent_Content_System_v1.json",
      "category": "ai_content",
      "description": "Research, SEO, Writer, Editor, QA agents working in sequence",
      "roi": "10x content output"
    },
    {
      "filename": "Grain_AI_Copywriting_Studio_v1.json",
      "raw_url": "https://raw.githubusercontent.com/No3214/saas/main/n8n-templates/Grain_AI_Copywriting_Studio_v1.json",
      "category": "ai_content",
      "description": "Generate ad copy, email subjects, social posts with A/B testing",
      "roi": "5x faster copy production"
    },
    {
      "filename": "Grain_Omnichannel_Marketing_Hub_v1.json",
      "raw_url": "https://raw.githubusercontent.com/No3214/saas/main/n8n-templates/Grain_Omnichannel_Marketing_Hub_v1.json",
      "category": "marketing",
      "description": "Coordinated campaigns across Email, SMS, Push, Social",
      "roi": "287% higher purchase rate"
    },
    {
      "filename": "Grain_Influencer_Marketing_Hub_v1.json",
      "raw_url": "https://raw.githubusercontent.com/No3214/saas/main/n8n-templates/Grain_Influencer_Marketing_Hub_v1.json",
      "category": "marketing",
      "description": "Influencer discovery, scoring, outreach, and campaign management",
      "roi": "50% lower influencer CAC"
    },
    {
      "filename": "Grain_SEO_Content_Pipeline_v1.json",
      "raw_url": "https://raw.githubusercontent.com/No3214/saas/main/n8n-templates/Grain_SEO_Content_Pipeline_v1.json",
      "category": "marketing",
      "description": "Keyword research, content gap analysis, and brief generation",
      "roi": "40% organic traffic increase"
    },
    {
      "filename": "Grain_Churn_Prediction_Prevention_v1.json",
      "raw_url": "https://raw.githubusercontent.com/No3214/saas/main/n8n-templates/Grain_Churn_Prediction_Prevention_v1.json",
      "category": "customer_success",
      "description": "AI-powered churn scoring with automated retention workflows",
      "roi": "25% churn reduction"
    },
    {
      "filename": "Grain_Personalization_Engine_v1.json",
      "raw_url": "https://raw.githubusercontent.com/No3214/saas/main/n8n-templates/Grain_Personalization_Engine_v1.json",
      "category": "customer_success",
      "description": "Real-time personalization based on behavior and predictions",
      "roi": "35% conversion lift"
    },
    {
      "filename": "Grain_Webinar_Event_Automation_v1.json",
      "raw_url": "https://raw.githubusercontent.com/No3214/saas/main/n8n-templates/Grain_Webinar_Event_Automation_v1.json",
      "category": "growth",
      "description": "Full webinar lifecycle from registration to follow-up",
      "roi": "50% higher attendance rate"
    },
    {
      "filename": "Grain_Referral_Program_Automation_v1.json",
      "raw_url": "https://raw.githubusercontent.com/No3214/saas/main/n8n-templates/Grain_Referral_Program_Automation_v1.json",
      "category": "growth",
      "description": "Automated referral tracking, rewards, and win-back campaigns",
      "roi": "30% lower CAC"
    },
    {
      "filename": "Grain_Email_Marketing_Automation_v1.json",
      "raw_url": "https://raw.githubusercontent.com/No3214/saas/main/n8n-templates/Grain_Email_Marketing_Automation_v1.json",
      "category": "marketing",
      "description": "AI-powered email content generation with A/B testing"
    },
    {
      "filename": "Grain_Intelligent_CDP_v1.json",
      "raw_url": "https://raw.githubusercontent.com/No3214/saas/main/n8n-templates/Grain_Intelligent_CDP_v1.json",
      "category": "operations",
      "description": "Customer data platform with identity resolution"
    },
    {
      "filename": "Grain_Agentic_AI_Orchestrator_v1.json",
      "raw_url": "https://raw.githubusercontent.com/No3214/saas/main/n8n-templates/Grain_Agentic_AI_Orchestrator_v1.json",
      "category": "ai_content",
      "description": "Multi-agent AI system with human-in-the-loop"
    },
    {
      "filename": "Grain_AB_Testing_Engine_v1.json",
      "raw_url": "https://raw.githubusercontent.com/No3214/saas/main/n8n-templates/Grain_AB_Testing_Engine_v1.json",
      "category": "analytics",
      "description": "Statistical A/B testing with AI variant generation"
    },
    {
      "filename": "Grain_Landing_Page_CRO_Hub_v1.json",
      "raw_url": "https://raw.githubusercontent.com/No3214/saas/main/n8n-templates/Grain_Landing_Page_CRO_Hub_v1.json",
      "category": "growth",
      "description": "Landing page optimization with AI analysis"
    },
    {
      "filename": "Grain_Unified_Analytics_Dashboard_v1.json",
      "raw_url": "https://raw.githubusercontent.com/No3214/saas/main/n8n-templates/Grain_Unified_Analytics_Dashboard_v1.json",
      "category": "analytics",
      "description": "Cross-workflow KPI aggregation with attribution modeling"
    },
    {
      "filename": "Grain_Invoice_Billing_Automation_v1.json",
      "raw_url": "https://raw.githubusercontent.com/No3214/saas/main/n8n-templates/Grain_Invoice_Billing_Automation_v1.json",
      "category": "operations",
      "description": "Stripe billing automation with overdue reminders"
    },
    {
      "filename": "Grain_RevOps_Hub_v1.json",
      "raw_url": "https://raw.githubusercontent.com/No3214/saas/main/n8n-templates/Grain_RevOps_Hub_v1.json",
      "category": "operations",
      "description": "Revenue operations with AI pipeline analysis"
    },
    {
      "filename": "Grain_AI_Visual_Content_Generator_v1.json",
      "raw_url": "https://raw.githubusercontent.com/No3214/saas/main/n8n-templates/Grain_AI_Visual_Content_Generator_v1.json",
      "category": "ai_content",
      "description": "AI image and video generation workflows"
    },
    {
      "filename": "Grain_Prompt_Engineering_Studio_v1.json",
      "raw_url": "https://raw.githubusercontent.com/No3214/saas/main/n8n-templates/Grain_Prompt_Engineering_Studio_v1.json",
      "category": "ai_content",
      "description": "Prompt optimization and testing framework"
    },
    {
      "filename": "Grain_Multi_Platform_Publisher_v1.json",
      "raw_url": "https://raw.githubusercontent.com/No3214/saas/main/n8n-templates/Grain_Multi_Platform_Publisher_v1.json",
      "category": "marketing",
      "description": "Cross-platform content publishing"
    },
    {
      "filename": "Grain_Multi_Platform_Publisher_v2.json",
      "raw_url": "https://raw.githubusercontent.com/No3214/saas/main/n8n-templates/Grain_Multi_Platform_Publisher_v2.json",
      "category": "marketing",
      "description": "Enhanced multi-platform publishing with scheduling"
    },
    {
      "filename": "Grain_Lead_Conversion_Funnel_v1.json",
      "raw_url": "https://raw.githubusercontent.com/No3214/saas/main/n8n-templates/Grain_Lead_Conversion_Funnel_v1.json",
      "category": "growth",
      "description": "Lead nurturing and conversion automation"
    },
    {
      "filename": "Grain_Video_Performance_Tracker_v1.json",
      "raw_url": "https://raw.githubusercontent.com/No3214/saas/main/n8n-templates/Grain_Video_Performance_Tracker_v1.json",
      "category": "analytics",
      "description": "Video analytics across platforms"
    },
    {
      "filename": "Grain_Competitive_Intelligence_v1.json",
      "raw_url": "https://raw.githubusercontent.com/No3214/saas/main/n8n-templates/Grain_Competitive_Intelligence_v1.json",
      "category": "intelligence",
      "description": "Competitor monitoring and analysis"
    },
    {
      "filename": "Grain_Customer_Support_Automation_v1.json",
      "raw_url": "https://raw.githubusercontent.com/No3214/saas/main/n8n-templates/Grain_Customer_Support_Automation_v1.json",
      "category": "customer_success",
      "description": "AI-powered support ticket routing and responses"
    },
    {
      "filename": "Grain_Social_Listening_Sentiment_v1.json",
      "raw_url": "https://raw.githubusercontent.com/No3214/saas/main/n8n-templates/Grain_Social_Listening_Sentiment_v1.json",
      "category": "intelligence",
      "description": "Social media monitoring with sentiment analysis"
    },
    {
      "filename": "Grain_SEO_Site_Audit_v1.json",
      "raw_url": "https://raw.githubusercontent.com/No3214/saas/main/n8n-templates/Grain_SEO_Site_Audit_v1.json",
      "category": "seo",
      "description": "Comprehensive SEO site audit with 50+ technical checks (SEMrush-style)",
      "roi": "20% organic traffic increase"
    },
    {
      "filename": "Grain_Keyword_Research_Pipeline_v1.json",
      "raw_url": "https://raw.githubusercontent.com/No3214/saas/main/n8n-templates/Grain_Keyword_Research_Pipeline_v1.json",
      "category": "seo",
      "description": "AI-powered keyword research with clustering and gap analysis (Ahrefs-style)",
      "roi": "3x keyword opportunities discovered"
    },
    {
      "filename": "Grain_Rank_Tracking_v1.json",
      "raw_url": "https://raw.githubusercontent.com/No3214/saas/main/n8n-templates/Grain_Rank_Tracking_v1.json",
      "category": "seo",
      "description": "Daily SERP position tracking with alerts and trend analysis",
      "roi": "Real-time ranking visibility"
    },
    {
      "filename": "Grain_Backlink_Monitor_v1.json",
      "raw_url": "https://raw.githubusercontent.com/No3214/saas/main/n8n-templates/Grain_Backlink_Monitor_v1.json",
      "category": "seo",
      "description": "Backlink profile monitoring with new/lost alerts and outreach automation",
      "roi": "50% faster link recovery"
    },
    {
      "filename": "Grain_Local_Citation_Builder_v1.json",
      "raw_url": "https://raw.githubusercontent.com/No3214/saas/main/n8n-templates/Grain_Local_Citation_Builder_v1.json",
      "category": "local_seo",
      "description": "NAP consistency audit and automated citation submission",
      "roi": "40% local ranking improvement"
    },
    {
      "filename": "Grain_Local_SEO_Automation_Hub_v1.json",
      "raw_url": "https://raw.githubusercontent.com/No3214/saas/main/n8n-templates/Grain_Local_SEO_Automation_Hub_v1.json",
      "category": "local_seo",
      "description": "Google Business Profile management with multi-platform review monitoring",
      "roi": "25% more local visibility"
    },
    {
      "filename": "Grain_Content_Performance_Analyzer_v1.json",
      "raw_url": "https://raw.githubusercontent.com/No3214/saas/main/n8n-templates/Grain_Content_Performance_Analyzer_v1.json",
      "category": "analytics",
      "description": "Content scoring with traffic, SEO, engagement, and social metrics",
      "roi": "2x content effectiveness"
    },
    {
      "filename": "Grain_Restaurant_Marketing_Hub_v1.json",
      "raw_url": "https://raw.githubusercontent.com/No3214/saas/main/n8n-templates/Grain_Restaurant_Marketing_Hub_v1.json",
      "category": "restaurant",
      "description": "Guest CDP with lifecycle campaigns (welcome, win-back, birthday)",
      "roi": "30% repeat visit increase"
    },
    {
      "filename": "Grain_Restaurant_Loyalty_Program_v1.json",
      "raw_url": "https://raw.githubusercontent.com/No3214/saas/main/n8n-templates/Grain_Restaurant_Loyalty_Program_v1.json",
      "category": "restaurant",
      "description": "Points-based loyalty with tier upgrades and reward redemption",
      "roi": "25% customer retention boost"
    },
    {
      "filename": "Grain_Guest_Feedback_Review_v1.json",
      "raw_url": "https://raw.githubusercontent.com/No3214/saas/main/n8n-templates/Grain_Guest_Feedback_Review_v1.json",
      "category": "restaurant",
      "description": "NPS surveys with AI review response generation",
      "roi": "50% more positive reviews"
    },
    {
      "filename": "0 - MARKETING TEAM.json",
      "raw_url": "https://raw.githubusercontent.com/No3214/saas/main/n8n-templates/0%20-%20MARKETING%20TEAM.json",
      "category": "legacy"
    },
    {
      "filename": "AI-Powered Short-Form Video Generator with OpenAI, Flux, Kling, and ElevenLabs and upload to all social networks.json",
      "raw_url": "https://raw.githubusercontent.com/No3214/saas/main/n8n-templates/AI-Powered%20Short-Form%20Video%20Generator%20with%20OpenAI%2C%20Flux%2C%20Kling%2C%20and%20ElevenLabs%20and%20upload%20to%20all%20social%20networks.json",
      "category": "legacy"
    },
    {
      "filename": "AI-Powered WhatsApp Chatbot for Text, Voice, Images & PDFs.json",
      "raw_url": "https://raw.githubusercontent.com/No3214/saas/main/n8n-templates/AI-Powered%20WhatsApp%20Chatbot%20for%20Text%2C%20Voice%2C%20Images%20%26%20PDFs.json",
      "category": "legacy"
    },
    {
      "filename": "APOLLO_SCRAPER.json",
      "raw_url": "https://raw.githubusercontent.com/No3214/saas/main/n8n-templates/APOLLO_SCRAPER.json",
      "category": "legacy"
    },
    {
      "filename": "LinkedIn Comments to Leads Extractor.json",
      "raw_url": "https://raw.githubusercontent.com/No3214/saas/main/n8n-templates/LinkedIn%20Comments%20to%20Leads%20Extractor.json",
      "category": "legacy"
    },
    {
      "filename": "Online Marketing Weekly Report.json",
      "raw_url": "https://raw.githubusercontent.com/No3214/saas/main/n8n-templates/Online%20Marketing%20Weekly%20Report.json",
      "category": "legacy"
    }
  ]
}
