{
  "name": "Grain Booking Channel Sync v1",
  "nodes": [
    {
      "parameters": {
        "values": {
          "string": [
            {
              "name": "tenant_id",
              "value": "={{ $vars.GRAIN_TENANT_ID || 'default' }}"
            },
            {
              "name": "dry_run",
              "value": "={{ $vars.GRAIN_DRY_RUN || false }}"
            },
            {
              "name": "webhook_prefix",
              "value": "={{ $vars.GRAIN_WEBHOOK_PREFIX || '/webhook' }}/{{ $workflow.name.toLowerCase().replace(/[^a-z0-9]/g, '-') }}"
            }
          ]
        },
        "options": {}
      },
      "id": "grain-config-25canjs0u",
      "name": "GRAIN_CONFIG",
      "type": "n8n-nodes-base.set",
      "typeVersion": 2,
      "position": [
        -200,
        -200
      ],
      "notesInFlow": true,
      "notes": "🔧 Central Config"
    },
    {
      "parameters": {
        "rule": {
          "interval": [
            {
              "field": "minutes",
              "minutesInterval": 10
            }
          ]
        }
      },
      "id": "schedule-sync",
      "name": "Sync Every 10 Min",
      "type": "n8n-nodes-base.scheduleTrigger",
      "typeVersion": 1.1,
      "position": [
        250,
        300
      ]
    },
    {
      "parameters": {
        "url": "https://api.channex.io/api/v1/properties/{{ $env.PROPERTY_ID }}/availability",
        "sendHeaders": true,
        "headerParameters": {
          "parameters": [
            {
              "name": "Authorization",
              "value": "Bearer {{ $env.CHANNEX_API_KEY }}"
            }
          ]
        }
      },
      "id": "fetch-channex",
      "name": "Fetch Channex Availability",
      "type": "n8n-nodes-base.httpRequest",
      "typeVersion": 4.2,
      "position": [
        500,
        300
      ]
    },
    {
      "parameters": {
        "operation": "read",
        "documentId": {
          "__rl": true,
          "mode": "list",
          "value": ""
        },
        "sheetName": {
          "__rl": true,
          "mode": "list",
          "value": "Room_Inventory"
        }
      },
      "id": "fetch-local",
      "name": "Fetch Local Inventory",
      "type": "n8n-nodes-base.googleSheets",
      "typeVersion": 4.2,
      "position": [
        500,
        500
      ]
    },
    {
      "parameters": {
        "jsCode": "const channex = $input.all()[0].json;\nconst local = $input.all()[1].json;\n\n// Compare and find discrepancies\nconst discrepancies = [];\n// ... comparison logic ...\n\nreturn { json: { sync_needed: discrepancies.length > 0, discrepancies } };"
      },
      "id": "compare-inventory",
      "name": "Compare Inventory",
      "type": "n8n-nodes-base.code",
      "typeVersion": 2,
      "position": [
        750,
        400
      ]
    },
    {
      "parameters": {
        "conditions": {
          "options": {
            "caseSensitive": true,
            "leftValue": "",
            "typeValidation": "strict"
          },
          "conditions": [
            {
              "id": "sync-check",
              "leftValue": "={{ $json.sync_needed }}",
              "rightValue": true,
              "operator": {
                "type": "boolean",
                "operation": "true"
              }
            }
          ],
          "combinator": "and"
        }
      },
      "id": "check-sync",
      "name": "Sync Needed?",
      "type": "n8n-nodes-base.filter",
      "typeVersion": 2,
      "position": [
        1000,
        400
      ]
    },
    {
      "parameters": {
        "method": "PUT",
        "url": "https://api.channex.io/api/v1/properties/{{ $env.PROPERTY_ID }}/availability",
        "sendHeaders": true,
        "headerParameters": {
          "parameters": [
            {
              "name": "Authorization",
              "value": "Bearer {{ $env.CHANNEX_API_KEY }}"
            }
          ]
        },
        "sendBody": true,
        "specifyBody": "json",
        "jsonBody": "={{ JSON.stringify($json.discrepancies) }}"
      },
      "id": "push-update",
      "name": "Push Updates to OTAs",
      "type": "n8n-nodes-base.httpRequest",
      "typeVersion": 4.2,
      "position": [
        1250,
        400
      ]
    },
    {
      "parameters": {
        "channel": "hotel-ops",
        "text": "=✅ **Channel Sync Complete**\n\nUpdated {{ $json.discrepancies.length }} rooms across OTAs.",
        "otherOptions": {}
      },
      "id": "notify-sync",
      "name": "Notify Sync Complete",
      "type": "n8n-nodes-base.slack",
      "typeVersion": 2.1,
      "position": [
        1500,
        400
      ]
    }
  ],
  "connections": {
    "Sync Every 10 Min": {
      "main": [
        [
          {
            "node": "Fetch Channex Availability",
            "type": "main",
            "index": 0
          },
          {
            "node": "Fetch Local Inventory",
            "type": "main",
            "index": 0
          }
        ]
      ]
    },
    "Fetch Channex Availability": {
      "main": [
        [
          {
            "node": "Compare Inventory",
            "type": "main",
            "index": 0
          }
        ]
      ]
    },
    "Fetch Local Inventory": {
      "main": [
        [
          {
            "node": "Compare Inventory",
            "type": "main",
            "index": 1
          }
        ]
      ]
    },
    "Compare Inventory": {
      "main": [
        [
          {
            "node": "Sync Needed?",
            "type": "main",
            "index": 0
          }
        ]
      ]
    },
    "Sync Needed?": {
      "main": [
        [
          {
            "node": "Push Updates to OTAs",
            "type": "main",
            "index": 0
          }
        ]
      ]
    },
    "Push Updates to OTAs": {
      "main": [
        [
          {
            "node": "Notify Sync Complete",
            "type": "main",
            "index": 0
          }
        ]
      ]
    }
  }
}